local_timestamp,datetime,node_id,epoch,julian_day,co_ppm,co_ppm_QC_level,co2_ppm,co2_ppm_QC_level,o3_ppm,o3_ppm_QC_level,PM_2.5_ug/m3,PM_2.5_ug/m3_QC_level
2020-09-27 14:00:00,2020-09-27 21:00:00,62,1601240400.0,271.875,0.18,2,406.3,2,-999,,-999,
2020-09-27 15:00:00,2020-09-27 22:00:00,62,1601244000.0,271.9166666666667,0.19,2,400.1,2,-999,,-999,
2020-09-27 16:00:00,2020-09-27 23:00:00,62,1601247600.0,271.9583333333333,0.22,2,404.0,2,-999,,-999,
2020-09-27 17:00:00,2020-09-28 00:00:00,62,1601251200.0,272.0,0.23,2,409.6,2,-999,,-999,
2020-09-27 18:00:00,2020-09-28 01:00:00,62,1601254800.0,272.0416666666667,0.22,2,411.0,2,-999,,-999,
2020-09-27 19:00:00,2020-09-28 02:00:00,62,1601258400.0,272.0833333333333,0.21,2,413.0,2,-999,,-999,
2020-09-27 20:00:00,2020-09-28 03:00:00,62,1601262000.0,272.125,0.24,2,429.8,2,-999,,-999,
2020-09-27 21:00:00,2020-09-28 04:00:00,62,1601265600.0,272.1666666666667,0.25,2,449.4,2,-999,,-999,
2020-09-27 22:00:00,2020-09-28 05:00:00,62,1601269200.0,272.2083333333333,0.31,2,468.1,2,-999,,-999,
2020-09-27 23:00:00,2020-09-28 06:00:00,62,1601272800.0,272.25,0.4,2,480.7,2,-999,,-999,
2020-09-28 00:00:00,2020-09-28 07:00:00,62,1601276400.0,272.2916666666667,0.46,2,485.3,2,-999,,-999,
2020-09-28 01:00:00,2020-09-28 08:00:00,62,1601280000.0,272.3333333333333,0.46,2,481.9,2,-999,,-999,
2020-09-28 02:00:00,2020-09-28 09:00:00,62,1601283600.0,272.375,0.34,2,463.5,2,-999,,-999,
2020-09-28 03:00:00,2020-09-28 10:00:00,62,1601287200.0,272.4166666666667,0.32,2,456.3,2,-999,,-999,
2020-09-28 04:00:00,2020-09-28 11:00:00,62,1601290800.0,272.4583333333333,0.32,2,460.2,2,-999,,-999,
2020-09-28 05:00:00,2020-09-28 12:00:00,62,1601294400.0,272.5,0.38,2,470.9,2,-999,,-999,
2020-09-28 06:00:00,2020-09-28 13:00:00,62,1601298000.0,272.5416666666667,0.41,2,474.9,2,-999,,-999,
2020-09-28 07:00:00,2020-09-28 14:00:00,62,1601301600.0,272.5833333333333,0.41,2,474.4,2,-999,,-999,
2020-09-28 08:00:00,2020-09-28 15:00:00,62,1601305200.0,272.625,0.37,2,455.8,2,-999,,-999,
2020-09-28 09:00:00,2020-09-28 16:00:00,62,1601308800.0,272.6666666666667,0.25,2,439.2,2,-999,,-999,
2020-09-28 10:00:00,2020-09-28 17:00:00,62,1601312400.0,272.7083333333333,0.17,2,418.1,2,-999,,-999,
2020-09-28 11:00:00,2020-09-28 18:00:00,62,1601316000.0,272.75,0.17,2,408.4,2,-999,,-999,
2020-09-28 12:00:00,2020-09-28 19:00:00,62,1601319600.0,272.7916666666667,0.2,2,402.0,2,-999,,-999,
2020-09-28 13:00:00,2020-09-28 20:00:00,62,1601323200.0,272.8333333333333,0.26,2,401.8,2,-999,,-999,
2020-09-28 14:00:00,2020-09-28 21:00:00,62,1601326800.0,272.875,0.3,2,401.2,2,-999,,-999,
2020-09-28 15:00:00,2020-09-28 22:00:00,62,1601330400.0,272.9166666666667,0.3,2,401.3,2,-999,,-999,
2020-09-28 16:00:00,2020-09-28 23:00:00,62,1601334000.0,272.9583333333333,0.27,2,402.3,2,-999,,-999,
2020-09-28 17:00:00,2020-09-29 00:00:00,62,1601337600.0,273.0,0.27,2,412.1,2,-999,,-999,
2020-09-28 18:00:00,2020-09-29 01:00:00,62,1601341200.0,273.0416666666667,0.27,2,426.2,2,-999,,-999,
2020-09-28 19:00:00,2020-09-29 02:00:00,62,1601344800.0,273.0833333333333,0.28,2,437.7,2,-999,,-999,
2020-09-28 20:00:00,2020-09-29 03:00:00,62,1601348400.0,273.125,0.24,2,431.5,2,-999,,-999,
2020-09-28 21:00:00,2020-09-29 04:00:00,62,1601352000.0,273.1666666666667,0.21,2,430.9,2,-999,,-999,
2020-09-28 22:00:00,2020-09-29 05:00:00,62,1601355600.0,273.2083333333333,0.21,2,435.2,2,-999,,-999,
2020-09-28 23:00:00,2020-09-29 06:00:00,62,1601359200.0,273.25,0.17,2,433.9,2,-999,,-999,
2020-09-29 00:00:00,2020-09-29 07:00:00,62,1601362800.0,273.2916666666667,0.14,2,425.7,2,-999,,-999,
2020-09-29 01:00:00,2020-09-29 08:00:00,62,1601366400.0,273.3333333333333,0.13,2,423.6,2,-999,,-999,
2020-09-29 02:00:00,2020-09-29 09:00:00,62,1601370000.0,273.375,0.12,2,415.9,2,-999,,-999,
2020-09-29 03:00:00,2020-09-29 10:00:00,62,1601373600.0,273.4166666666667,0.13,2,417.7,2,-999,,-999,
2020-09-29 04:00:00,2020-09-29 11:00:00,62,1601377200.0,273.4583333333333,0.14,2,429.6,2,-999,,-999,
2020-09-29 05:00:00,2020-09-29 12:00:00,62,1601380800.0,273.5,0.22,2,450.0,2,-999,,-999,
2020-09-29 06:00:00,2020-09-29 13:00:00,62,1601384400.0,273.5416666666667,0.27,2,463.8,2,-999,,-999,
2020-09-29 07:00:00,2020-09-29 14:00:00,62,1601388000.0,273.5833333333333,0.29,2,472.1,2,-999,,-999,
2020-09-29 08:00:00,2020-09-29 15:00:00,62,1601391600.0,273.625,0.24,2,441.1,2,-999,,-999,
2020-09-29 09:00:00,2020-09-29 16:00:00,62,1601395200.0,273.6666666666667,0.21,2,425.4,2,-999,,-999,
2020-09-29 10:00:00,2020-09-29 17:00:00,62,1601398800.0,273.7083333333333,0.18,2,417.9,2,-999,,-999,
2020-09-29 11:00:00,2020-09-29 18:00:00,62,1601402400.0,273.75,0.16,2,415.0,2,-999,,-999,
2020-09-29 12:00:00,2020-09-29 19:00:00,62,1601406000.0,273.7916666666667,0.19,2,422.8,2,-999,,-999,
2020-09-29 13:00:00,2020-09-29 20:00:00,62,1601409600.0,273.8333333333333,0.19,2,421.0,2,-999,,-999,
2020-09-29 14:00:00,2020-09-29 21:00:00,62,1601413200.0,273.875,0.2,2,419.0,2,-999,,-999,
2020-09-29 15:00:00,2020-09-29 22:00:00,62,1601416800.0,273.9166666666667,0.23,2,421.8,2,-999,,-999,
2020-09-29 16:00:00,2020-09-29 23:00:00,62,1601420400.0,273.9583333333333,0.18,2,424.2,2,-999,,-999,
2020-09-29 17:00:00,2020-09-30 00:00:00,62,1601424000.0,274.0,0.17,2,427.6,2,-999,,-999,
2020-09-29 18:00:00,2020-09-30 01:00:00,62,1601427600.0,274.0416666666667,0.15,2,427.7,2,-999,,-999,
2020-09-29 19:00:00,2020-09-30 02:00:00,62,1601431200.0,274.0833333333333,0.13,2,423.0,2,-999,,-999,
2020-09-29 20:00:00,2020-09-30 03:00:00,62,1601434800.0,274.125,0.12,2,418.3,2,-999,,-999,
2020-09-29 21:00:00,2020-09-30 04:00:00,62,1601438400.0,274.1666666666667,0.12,2,418.6,2,-999,,-999,
2020-09-29 22:00:00,2020-09-30 05:00:00,62,1601442000.0,274.2083333333333,0.13,2,417.8,2,-999,,-999,
2020-09-29 23:00:00,2020-09-30 06:00:00,62,1601445600.0,274.25,0.14,2,416.6,2,-999,,-999,
2020-09-30 00:00:00,2020-09-30 07:00:00,62,1601449200.0,274.2916666666667,0.13,2,417.2,2,-999,,-999,
2020-09-30 01:00:00,2020-09-30 08:00:00,62,1601452800.0,274.3333333333333,0.12,2,414.9,2,-999,,-999,
2020-09-30 02:00:00,2020-09-30 09:00:00,62,1601456400.0,274.375,0.13,2,415.3,2,-999,,-999,
2020-09-30 03:00:00,2020-09-30 10:00:00,62,1601460000.0,274.4166666666667,0.13,2,417.6,2,-999,,-999,
2020-09-30 04:00:00,2020-09-30 11:00:00,62,1601463600.0,274.4583333333333,0.14,2,418.0,2,-999,,-999,
2020-09-30 05:00:00,2020-09-30 12:00:00,62,1601467200.0,274.5,0.17,2,416.6,2,-999,,-999,
2020-09-30 06:00:00,2020-09-30 13:00:00,62,1601470800.0,274.5416666666667,0.19,2,419.6,2,-999,,-999,
2020-09-30 07:00:00,2020-09-30 14:00:00,62,1601474400.0,274.5833333333333,0.2,2,420.4,2,-999,,-999,
2020-09-30 08:00:00,2020-09-30 15:00:00,62,1601478000.0,274.625,0.22,2,419.9,2,-999,,-999,
2020-09-30 09:00:00,2020-09-30 16:00:00,62,1601481600.0,274.6666666666667,0.22,2,417.7,2,-999,,-999,
2020-09-30 10:00:00,2020-09-30 17:00:00,62,1601485200.0,274.7083333333333,0.24,2,416.0,2,-999,,-999,
2020-09-30 11:00:00,2020-09-30 18:00:00,62,1601488800.0,274.75,0.31,2,416.7,2,-999,,-999,
2020-09-30 12:00:00,2020-09-30 19:00:00,62,1601492400.0,274.7916666666667,0.43,2,419.8,2,-999,,-999,
2020-09-30 13:00:00,2020-09-30 20:00:00,62,1601496000.0,274.8333333333333,0.94,2,428.9,2,-999,,-999,
2020-09-30 14:00:00,2020-09-30 21:00:00,62,1601499600.0,274.875,0.82,2,426.8,2,-999,,-999,
2020-09-30 15:00:00,2020-09-30 22:00:00,62,1601503200.0,274.9166666666667,0.36,2,418.1,2,-999,,-999,
2020-09-30 16:00:00,2020-09-30 23:00:00,62,1601506800.0,274.9583333333333,0.28,2,418.1,2,-999,,-999,
2020-09-30 17:00:00,2020-10-01 00:00:00,62,1601510400.0,275.0,0.27,2,423.6,2,-999,,-999,
2020-09-30 18:00:00,2020-10-01 01:00:00,62,1601514000.0,275.0416666666667,0.27,2,432.9,2,-999,,-999,
2020-09-30 19:00:00,2020-10-01 02:00:00,62,1601517600.0,275.0833333333333,0.21,2,431.0,2,-999,,-999,
2020-09-30 20:00:00,2020-10-01 03:00:00,62,1601521200.0,275.125,0.22,2,441.8,2,-999,,-999,
2020-09-30 21:00:00,2020-10-01 04:00:00,62,1601524800.0,275.1666666666667,0.28,2,460.2,2,-999,,-999,
2020-09-30 22:00:00,2020-10-01 05:00:00,62,1601528400.0,275.2083333333333,0.32,2,472.6,2,-999,,-999,
2020-09-30 23:00:00,2020-10-01 06:00:00,62,1601532000.0,275.25,0.21,2,447.3,2,-999,,-999,
2020-10-01 00:00:00,2020-10-01 07:00:00,62,1601535600.0,275.2916666666667,0.23,2,463.3,2,-999,,-999,
2020-10-01 01:00:00,2020-10-01 08:00:00,62,1601539200.0,275.3333333333333,0.19,2,456.8,2,-999,,-999,
2020-10-01 02:00:00,2020-10-01 09:00:00,62,1601542800.0,275.375,0.22,2,461.4,2,-999,,-999,
2020-10-01 03:00:00,2020-10-01 10:00:00,62,1601546400.0,275.4166666666667,0.26,2,468.8,2,-999,,-999,
2020-10-01 04:00:00,2020-10-01 11:00:00,62,1601550000.0,275.4583333333333,0.27,2,478.6,2,-999,,-999,
2020-10-01 05:00:00,2020-10-01 12:00:00,62,1601553600.0,275.5,0.34,2,499.0,2,-999,,-999,
2020-10-01 06:00:00,2020-10-01 13:00:00,62,1601557200.0,275.5416666666667,0.45,2,522.1,2,-999,,-999,
2020-10-01 07:00:00,2020-10-01 14:00:00,62,1601560800.0,275.5833333333333,0.48,2,534.2,2,-999,,-999,
2020-10-01 08:00:00,2020-10-01 15:00:00,62,1601564400.0,275.625,0.49,2,531.8,2,-999,,-999,
2020-10-01 09:00:00,2020-10-01 16:00:00,62,1601568000.0,275.6666666666667,0.37,2,479.5,2,-999,,-999,
2020-10-01 10:00:00,2020-10-01 17:00:00,62,1601571600.0,275.7083333333333,0.29,2,458.6,2,-999,,-999,
2020-10-01 11:00:00,2020-10-01 18:00:00,62,1601575200.0,275.75,0.26,2,448.3,2,-999,,-999,
2020-10-01 12:00:00,2020-10-01 19:00:00,62,1601578800.0,275.7916666666667,0.31,2,445.8,2,-999,,-999,
2020-10-01 13:00:00,2020-10-01 20:00:00,62,1601582400.0,275.8333333333333,0.26,2,460.7,2,-999,,-999,
2020-10-01 14:00:00,2020-10-01 21:00:00,62,1601586000.0,275.875,0.36,2,448.1,2,-999,,-999,
2020-10-01 15:00:00,2020-10-01 22:00:00,62,1601589600.0,275.9166666666667,0.4,2,427.5,2,-999,,-999,
2020-10-01 16:00:00,2020-10-01 23:00:00,62,1601593200.0,275.9583333333333,0.41,2,432.2,2,-999,,-999,
2020-10-01 17:00:00,2020-10-02 00:00:00,62,1601596800.0,276.0,0.5,2,442.6,2,-999,,-999,
2020-10-01 18:00:00,2020-10-02 01:00:00,62,1601600400.0,276.0416666666667,0.46,2,467.6,2,-999,,-999,
2020-10-01 19:00:00,2020-10-02 02:00:00,62,1601604000.0,276.0833333333333,0.44,2,480.1,2,-999,,-999,
2020-10-01 20:00:00,2020-10-02 03:00:00,62,1601607600.0,276.125,0.49,2,482.2,2,-999,,-999,
2020-10-01 21:00:00,2020-10-02 04:00:00,62,1601611200.0,276.1666666666667,0.5,2,489.2,2,-999,,-999,
2020-10-01 22:00:00,2020-10-02 05:00:00,62,1601614800.0,276.2083333333333,0.4,2,472.3,2,-999,,-999,
2020-10-01 23:00:00,2020-10-02 06:00:00,62,1601618400.0,276.25,0.35,2,469.5,2,-999,,-999,
2020-10-02 00:00:00,2020-10-02 07:00:00,62,1601622000.0,276.2916666666667,0.32,2,461.5,2,-999,,-999,
2020-10-02 01:00:00,2020-10-02 08:00:00,62,1601625600.0,276.3333333333333,0.29,2,453.9,2,-999,,-999,
2020-10-02 02:00:00,2020-10-02 09:00:00,62,1601629200.0,276.375,0.29,2,467.1,2,-999,,-999,
2020-10-02 03:00:00,2020-10-02 10:00:00,62,1601632800.0,276.4166666666667,0.29,2,468.4,2,-999,,-999,
2020-10-02 04:00:00,2020-10-02 11:00:00,62,1601636400.0,276.4583333333333,0.35,2,489.8,2,-999,,-999,
2020-10-02 05:00:00,2020-10-02 12:00:00,62,1601640000.0,276.5,0.41,2,501.5,2,-999,,-999,
2020-10-02 06:00:00,2020-10-02 13:00:00,62,1601643600.0,276.5416666666667,0.47,2,512.3,2,-999,,-999,
2020-10-02 07:00:00,2020-10-02 14:00:00,62,1601647200.0,276.5833333333333,0.51,2,522.4,2,-999,,-999,
2020-10-02 08:00:00,2020-10-02 15:00:00,62,1601650800.0,276.625,0.53,2,516.6,2,-999,,-999,
2020-10-02 09:00:00,2020-10-02 16:00:00,62,1601654400.0,276.6666666666667,0.41,2,473.6,2,-999,,-999,
2020-10-02 10:00:00,2020-10-02 17:00:00,62,1601658000.0,276.7083333333333,0.49,2,488.7,2,-999,,-999,
2020-10-02 11:00:00,2020-10-02 18:00:00,62,1601661600.0,276.75,0.44,2,472.0,2,-999,,-999,
2020-10-02 12:00:00,2020-10-02 19:00:00,62,1601665200.0,276.7916666666667,0.41,2,465.2,2,-999,,-999,
2020-10-02 13:00:00,2020-10-02 20:00:00,62,1601668800.0,276.8333333333333,0.55,2,460.1,2,-999,,-999,
2020-10-02 14:00:00,2020-10-02 21:00:00,62,1601672400.0,276.875,0.61,2,460.8,2,-999,,-999,
2020-10-02 15:00:00,2020-10-02 22:00:00,62,1601676000.0,276.9166666666667,0.63,2,451.3,2,-999,,-999,
2020-10-02 16:00:00,2020-10-02 23:00:00,62,1601679600.0,276.9583333333333,0.6,2,456.5,2,-999,,-999,
2020-10-02 17:00:00,2020-10-03 00:00:00,62,1601683200.0,277.0,0.55,2,468.6,2,-999,,-999,
2020-10-02 18:00:00,2020-10-03 01:00:00,62,1601686800.0,277.0416666666667,0.56,2,488.4,2,-999,,-999,
2020-10-02 19:00:00,2020-10-03 02:00:00,62,1601690400.0,277.0833333333333,0.43,2,478.5,2,-999,,-999,
2020-10-02 20:00:00,2020-10-03 03:00:00,62,1601694000.0,277.125,0.29,2,460.7,2,-999,,-999,
2020-10-02 21:00:00,2020-10-03 04:00:00,62,1601697600.0,277.1666666666667,0.21,2,450.3,2,-999,,-999,
2020-10-02 22:00:00,2020-10-03 05:00:00,62,1601701200.0,277.2083333333333,0.2,2,452.4,2,-999,,-999,
2020-10-02 23:00:00,2020-10-03 06:00:00,62,1601704800.0,277.25,0.17,2,443.0,2,-999,,-999,
2020-10-03 00:00:00,2020-10-03 07:00:00,62,1601708400.0,277.2916666666667,0.15,2,438.2,2,-999,,-999,
2020-10-03 01:00:00,2020-10-03 08:00:00,62,1601712000.0,277.3333333333333,0.16,2,439.2,2,-999,,-999,
2020-10-03 02:00:00,2020-10-03 09:00:00,62,1601715600.0,277.375,0.17,2,442.7,2,-999,,-999,
2020-10-03 03:00:00,2020-10-03 10:00:00,62,1601719200.0,277.4166666666667,0.18,2,445.8,2,-999,,-999,
2020-10-03 04:00:00,2020-10-03 11:00:00,62,1601722800.0,277.4583333333333,0.18,2,453.3,2,-999,,-999,
2020-10-03 05:00:00,2020-10-03 12:00:00,62,1601726400.0,277.5,0.23,2,466.7,2,-999,,-999,
2020-10-03 06:00:00,2020-10-03 13:00:00,62,1601730000.0,277.5416666666667,0.29,2,480.9,2,-999,,-999,
2020-10-03 07:00:00,2020-10-03 14:00:00,62,1601733600.0,277.5833333333333,0.35,2,490.4,2,-999,,-999,
2020-10-03 08:00:00,2020-10-03 15:00:00,62,1601737200.0,277.625,0.46,2,485.7,2,-999,,-999,
2020-10-03 09:00:00,2020-10-03 16:00:00,62,1601740800.0,277.6666666666667,0.27,2,448.1,2,-999,,-999,
2020-10-03 10:00:00,2020-10-03 17:00:00,62,1601744400.0,277.7083333333333,0.26,2,446.5,2,-999,,-999,
2020-10-03 11:00:00,2020-10-03 18:00:00,62,1601748000.0,277.75,0.17,2,440.5,2,-999,,-999,
2020-10-03 12:00:00,2020-10-03 19:00:00,62,1601751600.0,277.7916666666667,0.29,2,437.8,2,-999,,-999,
2020-10-03 13:00:00,2020-10-03 20:00:00,62,1601755200.0,277.8333333333333,0.28,2,435.1,2,-999,,-999,
2020-10-03 14:00:00,2020-10-03 21:00:00,62,1601758800.0,277.875,0.31,2,430.3,2,-999,,-999,
2020-10-03 15:00:00,2020-10-03 22:00:00,62,1601762400.0,277.9166666666667,0.28,2,427.4,2,-999,,-999,
2020-10-03 16:00:00,2020-10-03 23:00:00,62,1601766000.0,277.9583333333333,0.27,2,430.7,2,-999,,-999,
2020-10-03 17:00:00,2020-10-04 00:00:00,62,1601769600.0,278.0,0.2,2,425.5,2,-999,,-999,
2020-10-03 18:00:00,2020-10-04 01:00:00,62,1601773200.0,278.0416666666667,0.21,2,429.3,2,-999,,-999,
2020-10-03 19:00:00,2020-10-04 02:00:00,62,1601776800.0,278.0833333333333,0.21,2,433.4,2,-999,,-999,
2020-10-03 20:00:00,2020-10-04 03:00:00,62,1601780400.0,278.125,0.19,2,433.9,2,-999,,-999,
2020-10-03 21:00:00,2020-10-04 04:00:00,62,1601784000.0,278.1666666666667,0.18,2,435.6,2,-999,,-999,
2020-10-03 22:00:00,2020-10-04 05:00:00,62,1601787600.0,278.2083333333333,0.16,2,442.1,2,-999,,-999,
2020-10-03 23:00:00,2020-10-04 06:00:00,62,1601791200.0,278.25,0.14,2,438.2,2,-999,,-999,
2020-10-04 00:00:00,2020-10-04 07:00:00,62,1601794800.0,278.2916666666667,0.14,2,439.9,2,-999,,-999,
2020-10-04 01:00:00,2020-10-04 08:00:00,62,1601798400.0,278.3333333333333,0.14,2,440.6,2,-999,,-999,
2020-10-04 02:00:00,2020-10-04 09:00:00,62,1601802000.0,278.375,0.15,2,434.0,2,-999,,-999,
2020-10-04 03:00:00,2020-10-04 10:00:00,62,1601805600.0,278.4166666666667,0.15,2,437.7,2,-999,,-999,
2020-10-04 04:00:00,2020-10-04 11:00:00,62,1601809200.0,278.4583333333333,0.15,2,437.2,2,-999,,-999,
2020-10-04 05:00:00,2020-10-04 12:00:00,62,1601812800.0,278.5,0.18,2,446.5,2,-999,,-999,
2020-10-04 06:00:00,2020-10-04 13:00:00,62,1601816400.0,278.5416666666667,0.2,2,452.5,2,-999,,-999,
2020-10-04 07:00:00,2020-10-04 14:00:00,62,1601820000.0,278.5833333333333,0.22,2,453.2,2,-999,,-999,
2020-10-04 08:00:00,2020-10-04 15:00:00,62,1601823600.0,278.625,0.25,2,444.7,2,-999,,-999,
2020-10-04 09:00:00,2020-10-04 16:00:00,62,1601827200.0,278.6666666666667,0.17,2,429.6,2,-999,,-999,
2020-10-04 10:00:00,2020-10-04 17:00:00,62,1601830800.0,278.7083333333333,0.12,2,427.4,2,-999,,-999,
2020-10-04 11:00:00,2020-10-04 18:00:00,62,1601834400.0,278.75,0.15,2,434.8,2,-999,,-999,
2020-10-04 12:00:00,2020-10-04 19:00:00,62,1601838000.0,278.7916666666667,0.15,2,426.0,2,-999,,-999,
2020-10-04 13:00:00,2020-10-04 20:00:00,62,1601841600.0,278.8333333333333,0.16,2,421.6,2,-999,,-999,
2020-10-04 14:00:00,2020-10-04 21:00:00,62,1601845200.0,278.875,0.17,2,420.9,2,-999,,-999,
2020-10-04 15:00:00,2020-10-04 22:00:00,62,1601848800.0,278.9166666666667,0.17,2,421.5,2,-999,,-999,
2020-10-04 16:00:00,2020-10-04 23:00:00,62,1601852400.0,278.9583333333333,0.17,2,420.9,2,-999,,-999,
2020-10-04 17:00:00,2020-10-05 00:00:00,62,1601856000.0,279.0,0.18,2,429.7,2,-999,,-999,
2020-10-04 18:00:00,2020-10-05 01:00:00,62,1601859600.0,279.0416666666667,0.19,2,435.7,2,-999,,-999,
2020-10-04 19:00:00,2020-10-05 02:00:00,62,1601863200.0,279.0833333333333,0.17,2,433.5,2,-999,,-999,
2020-10-04 20:00:00,2020-10-05 03:00:00,62,1601866800.0,279.125,0.16,2,431.8,2,-999,,-999,
2020-10-04 21:00:00,2020-10-05 04:00:00,62,1601870400.0,279.1666666666667,0.14,2,431.0,2,-999,,-999,
2020-10-04 22:00:00,2020-10-05 05:00:00,62,1601874000.0,279.2083333333333,0.15,2,435.5,2,-999,,-999,
2020-10-04 23:00:00,2020-10-05 06:00:00,62,1601877600.0,279.25,0.14,2,430.8,2,-999,,-999,
2020-10-05 00:00:00,2020-10-05 07:00:00,62,1601881200.0,279.2916666666667,0.14,2,429.5,2,-999,,-999,
2020-10-05 01:00:00,2020-10-05 08:00:00,62,1601884800.0,279.3333333333333,0.16,2,439.4,2,-999,,-999,
2020-10-05 02:00:00,2020-10-05 09:00:00,62,1601888400.0,279.375,0.17,2,448.3,2,-999,,-999,
2020-10-05 03:00:00,2020-10-05 10:00:00,62,1601892000.0,279.4166666666667,0.18,2,451.7,2,-999,,-999,
2020-10-05 04:00:00,2020-10-05 11:00:00,62,1601895600.0,279.4583333333333,0.17,2,455.6,2,-999,,-999,
2020-10-05 05:00:00,2020-10-05 12:00:00,62,1601899200.0,279.5,0.18,2,451.5,2,-999,,-999,
2020-10-05 06:00:00,2020-10-05 13:00:00,62,1601902800.0,279.5416666666667,0.18,2,445.7,2,-999,,-999,
2020-10-05 07:00:00,2020-10-05 14:00:00,62,1601906400.0,279.5833333333333,0.23,2,445.9,2,-999,,-999,
2020-10-05 08:00:00,2020-10-05 15:00:00,62,1601910000.0,279.625,0.22,2,441.5,2,-999,,-999,
2020-10-05 09:00:00,2020-10-05 16:00:00,62,1601913600.0,279.6666666666667,0.29,2,440.1,2,-999,,-999,
2020-10-05 10:00:00,2020-10-05 17:00:00,62,1601917200.0,279.7083333333333,0.37,2,434.1,2,-999,,-999,
2020-10-05 11:00:00,2020-10-05 18:00:00,62,1601920800.0,279.75,0.2,2,433.2,2,-999,,-999,
2020-10-05 12:00:00,2020-10-05 19:00:00,62,1601924400.0,279.7916666666667,0.18,2,432.4,2,-999,,-999,
2020-10-05 13:00:00,2020-10-05 20:00:00,62,1601928000.0,279.8333333333333,0.2,2,431.8,2,-999,,-999,
2020-10-05 14:00:00,2020-10-05 21:00:00,62,1601931600.0,279.875,0.23,2,431.1,2,-999,,-999,
2020-10-05 15:00:00,2020-10-05 22:00:00,62,1601935200.0,279.9166666666667,0.28,2,443.0,2,-999,,-999,
2020-10-05 16:00:00,2020-10-05 23:00:00,62,1601938800.0,279.9583333333333,0.3,2,455.8,2,-999,,-999,
2020-10-05 17:00:00,2020-10-06 00:00:00,62,1601942400.0,280.0,0.29,2,458.9,2,-999,,-999,
2020-10-05 18:00:00,2020-10-06 01:00:00,62,1601946000.0,280.0416666666667,0.25,2,450.6,2,-999,,-999,
2020-10-05 19:00:00,2020-10-06 02:00:00,62,1601949600.0,280.0833333333333,0.2,2,439.3,2,-999,,-999,
2020-10-05 20:00:00,2020-10-06 03:00:00,62,1601953200.0,280.125,0.19,2,436.8,2,-999,,-999,
2020-10-05 21:00:00,2020-10-06 04:00:00,62,1601956800.0,280.1666666666667,0.15,2,427.5,2,-999,,-999,
2020-10-05 22:00:00,2020-10-06 05:00:00,62,1601960400.0,280.2083333333333,0.15,2,429.5,2,-999,,-999,
2020-10-05 23:00:00,2020-10-06 06:00:00,62,1601964000.0,280.25,0.15,2,430.5,2,-999,,-999,
2020-10-06 00:00:00,2020-10-06 07:00:00,62,1601967600.0,280.2916666666667,0.14,2,434.5,2,-999,,-999,
2020-10-06 01:00:00,2020-10-06 08:00:00,62,1601971200.0,280.3333333333333,0.15,2,435.7,2,-999,,-999,
2020-10-06 02:00:00,2020-10-06 09:00:00,62,1601974800.0,280.375,0.15,2,436.4,2,-999,,-999,
2020-10-06 03:00:00,2020-10-06 10:00:00,62,1601978400.0,280.4166666666667,0.15,2,433.6,2,-999,,-999,
2020-10-06 04:00:00,2020-10-06 11:00:00,62,1601982000.0,280.4583333333333,0.16,2,438.0,2,-999,,-999,
2020-10-06 05:00:00,2020-10-06 12:00:00,62,1601985600.0,280.5,0.24,2,449.2,2,-999,,-999,
2020-10-06 06:00:00,2020-10-06 13:00:00,62,1601989200.0,280.5416666666667,0.32,2,470.5,2,-999,,-999,
2020-10-06 07:00:00,2020-10-06 14:00:00,62,1601992800.0,280.5833333333333,0.28,2,459.8,2,-999,,-999,
2020-10-06 08:00:00,2020-10-06 15:00:00,62,1601996400.0,280.625,0.24,2,429.9,2,-999,,-999,
2020-10-06 09:00:00,2020-10-06 16:00:00,62,1602000000.0,280.6666666666667,0.22,2,425.1,2,-999,,-999,
2020-10-06 10:00:00,2020-10-06 17:00:00,62,1602003600.0,280.7083333333333,0.17,2,422.1,2,-999,,-999,
2020-10-06 11:00:00,2020-10-06 18:00:00,62,1602007200.0,280.75,0.14,2,425.9,2,-999,,-999,
2020-10-06 12:00:00,2020-10-06 19:00:00,62,1602010800.0,280.7916666666667,0.16,2,437.2,2,-999,,-999,
2020-10-06 13:00:00,2020-10-06 20:00:00,62,1602014400.0,280.8333333333333,0.19,2,434.9,2,-999,,-999,
2020-10-06 14:00:00,2020-10-06 21:00:00,62,1602018000.0,280.875,0.2,2,424.8,2,-999,,-999,
2020-10-06 15:00:00,2020-10-06 22:00:00,62,1602021600.0,280.9166666666667,0.2,2,426.2,2,-999,,-999,
2020-10-06 16:00:00,2020-10-06 23:00:00,62,1602025200.0,280.9583333333333,0.24,2,439.1,2,-999,,-999,
2020-10-06 17:00:00,2020-10-07 00:00:00,62,1602028800.0,281.0,0.23,2,435.2,2,-999,,-999,
2020-10-06 18:00:00,2020-10-07 01:00:00,62,1602032400.0,281.0416666666667,0.22,2,438.3,2,-999,,-999,
2020-10-06 19:00:00,2020-10-07 02:00:00,62,1602036000.0,281.0833333333333,0.2,2,436.9,2,-999,,-999,
2020-10-06 20:00:00,2020-10-07 03:00:00,62,1602039600.0,281.125,0.21,2,438.5,2,-999,,-999,
2020-10-06 21:00:00,2020-10-07 04:00:00,62,1602043200.0,281.1666666666667,0.18,2,431.1,2,-999,,-999,
2020-10-06 22:00:00,2020-10-07 05:00:00,62,1602046800.0,281.2083333333333,0.19,2,427.3,2,-999,,-999,
2020-10-06 23:00:00,2020-10-07 06:00:00,62,1602050400.0,281.25,0.18,2,425.2,2,-999,,-999,
2020-10-07 00:00:00,2020-10-07 07:00:00,62,1602054000.0,281.2916666666667,0.18,2,423.6,2,-999,,-999,
2020-10-07 01:00:00,2020-10-07 08:00:00,62,1602057600.0,281.3333333333333,0.19,2,426.0,2,-999,,-999,
2020-10-07 02:00:00,2020-10-07 09:00:00,62,1602061200.0,281.375,0.18,2,422.7,2,-999,,-999,
2020-10-07 03:00:00,2020-10-07 10:00:00,62,1602064800.0,281.4166666666667,0.19,2,426.1,2,-999,,-999,
2020-10-07 04:00:00,2020-10-07 11:00:00,62,1602068400.0,281.4583333333333,0.19,2,424.9,2,-999,,-999,
2020-10-07 05:00:00,2020-10-07 12:00:00,62,1602072000.0,281.5,0.19,2,424.2,2,-999,,-999,
2020-10-07 06:00:00,2020-10-07 13:00:00,62,1602075600.0,281.5416666666667,0.19,2,423.8,2,-999,,-999,
2020-10-07 07:00:00,2020-10-07 14:00:00,62,1602079200.0,281.5833333333333,0.19,2,421.8,2,-999,,-999,
2020-10-07 08:00:00,2020-10-07 15:00:00,62,1602082800.0,281.625,0.2,2,420.5,2,-999,,-999,
2020-10-07 09:00:00,2020-10-07 16:00:00,62,1602086400.0,281.6666666666667,0.21,2,420.6,2,-999,,-999,
2020-10-07 10:00:00,2020-10-07 17:00:00,62,1602090000.0,281.7083333333333,0.22,2,419.3,2,-999,,-999,
2020-10-07 11:00:00,2020-10-07 18:00:00,62,1602093600.0,281.75,0.23,2,417.3,2,-999,,-999,
2020-10-07 12:00:00,2020-10-07 19:00:00,62,1602097200.0,281.7916666666667,0.18,2,417.7,2,-999,,-999,
2020-10-07 13:00:00,2020-10-07 20:00:00,62,1602100800.0,281.8333333333333,0.16,2,415.8,2,-999,,-999,
2020-10-07 14:00:00,2020-10-07 21:00:00,62,1602104400.0,281.875,0.15,2,415.0,2,-999,,-999,
2020-10-07 15:00:00,2020-10-07 22:00:00,62,1602108000.0,281.9166666666667,0.15,2,416.1,2,-999,,-999,
2020-10-07 16:00:00,2020-10-07 23:00:00,62,1602111600.0,281.9583333333333,0.16,2,417.0,2,-999,,-999,
2020-10-07 17:00:00,2020-10-08 00:00:00,62,1602115200.0,282.0,0.18,2,422.5,2,-999,,-999,
2020-10-07 18:00:00,2020-10-08 01:00:00,62,1602118800.0,282.0416666666667,0.22,2,426.7,2,-999,,-999,
2020-10-07 19:00:00,2020-10-08 02:00:00,62,1602122400.0,282.0833333333333,0.18,2,424.3,2,-999,,-999,
2020-10-07 20:00:00,2020-10-08 03:00:00,62,1602126000.0,282.125,0.19,2,424.3,2,-999,,-999,
2020-10-07 21:00:00,2020-10-08 04:00:00,62,1602129600.0,282.1666666666667,0.19,2,424.5,2,-999,,-999,
2020-10-07 22:00:00,2020-10-08 05:00:00,62,1602133200.0,282.2083333333333,0.19,2,423.3,2,-999,,-999,
2020-10-07 23:00:00,2020-10-08 06:00:00,62,1602136800.0,282.25,0.18,2,421.4,2,-999,,-999,
2020-10-08 00:00:00,2020-10-08 07:00:00,62,1602140400.0,282.2916666666667,0.18,2,420.5,2,-999,,-999,
2020-10-08 01:00:00,2020-10-08 08:00:00,62,1602144000.0,282.3333333333333,0.17,2,419.5,2,-999,,-999,
2020-10-08 02:00:00,2020-10-08 09:00:00,62,1602147600.0,282.375,0.16,2,418.9,2,-999,,-999,
2020-10-08 03:00:00,2020-10-08 10:00:00,62,1602151200.0,282.4166666666667,0.15,2,416.0,2,-999,,-999,
2020-10-08 04:00:00,2020-10-08 11:00:00,62,1602154800.0,282.4583333333333,0.16,2,416.0,2,-999,,-999,
2020-10-08 05:00:00,2020-10-08 12:00:00,62,1602158400.0,282.5,0.17,2,416.1,2,-999,,-999,
2020-10-08 06:00:00,2020-10-08 13:00:00,62,1602162000.0,282.5416666666667,0.17,2,415.6,2,-999,,-999,
2020-10-08 07:00:00,2020-10-08 14:00:00,62,1602165600.0,282.5833333333333,0.17,2,416.1,2,-999,,-999,
2020-10-08 08:00:00,2020-10-08 15:00:00,62,1602169200.0,282.625,0.17,2,415.8,2,-999,,-999,
2020-10-08 09:00:00,2020-10-08 16:00:00,62,1602172800.0,282.6666666666667,0.18,2,415.6,2,-999,,-999,
2020-10-08 10:00:00,2020-10-08 17:00:00,62,1602176400.0,282.7083333333333,0.19,2,415.5,2,-999,,-999,
2020-10-08 11:00:00,2020-10-08 18:00:00,62,1602180000.0,282.75,0.21,2,414.6,2,-999,,-999,
2020-10-08 12:00:00,2020-10-08 19:00:00,62,1602183600.0,282.7916666666667,0.2,2,412.5,2,-999,,-999,
2020-10-08 13:00:00,2020-10-08 20:00:00,62,1602187200.0,282.8333333333333,0.19,2,412.9,2,-999,,-999,
2020-10-08 14:00:00,2020-10-08 21:00:00,62,1602190800.0,282.875,0.18,2,412.9,2,-999,,-999,
2020-10-08 15:00:00,2020-10-08 22:00:00,62,1602194400.0,282.9166666666667,0.17,2,414.5,2,-999,,-999,
2020-10-08 16:00:00,2020-10-08 23:00:00,62,1602198000.0,282.9583333333333,0.17,2,417.8,2,-999,,-999,
2020-10-08 17:00:00,2020-10-09 00:00:00,62,1602201600.0,283.0,0.15,2,415.6,2,-999,,-999,
2020-10-08 18:00:00,2020-10-09 01:00:00,62,1602205200.0,283.0416666666667,0.14,2,415.8,2,-999,,-999,
2020-10-08 19:00:00,2020-10-09 02:00:00,62,1602208800.0,283.0833333333333,0.14,2,414.3,2,-999,,-999,
2020-10-08 20:00:00,2020-10-09 03:00:00,62,1602212400.0,283.125,0.15,2,412.3,2,-999,,-999,
2020-10-08 21:00:00,2020-10-09 04:00:00,62,1602216000.0,283.1666666666667,0.17,2,411.7,2,-999,,-999,
2020-10-08 22:00:00,2020-10-09 05:00:00,62,1602219600.0,283.2083333333333,0.17,2,410.9,2,-999,,-999,
2020-10-08 23:00:00,2020-10-09 06:00:00,62,1602223200.0,283.25,0.16,2,409.4,2,-999,,-999,
2020-10-09 00:00:00,2020-10-09 07:00:00,62,1602226800.0,283.2916666666667,0.16,2,408.4,2,-999,,-999,
2020-10-09 01:00:00,2020-10-09 08:00:00,62,1602230400.0,283.3333333333333,0.14,2,407.3,2,-999,,-999,
2020-10-09 02:00:00,2020-10-09 09:00:00,62,1602234000.0,283.375,0.12,2,406.4,2,-999,,-999,
2020-10-09 03:00:00,2020-10-09 10:00:00,62,1602237600.0,283.4166666666667,0.11,2,406.5,2,-999,,-999,
2020-10-09 04:00:00,2020-10-09 11:00:00,62,1602241200.0,283.4583333333333,0.11,2,406.3,2,-999,,-999,
2020-10-09 05:00:00,2020-10-09 12:00:00,62,1602244800.0,283.5,0.12,2,406.9,2,-999,,-999,
2020-10-09 06:00:00,2020-10-09 13:00:00,62,1602248400.0,283.5416666666667,0.13,2,407.7,2,-999,,-999,
2020-10-09 07:00:00,2020-10-09 14:00:00,62,1602252000.0,283.5833333333333,0.15,2,408.2,2,-999,,-999,
2020-10-09 08:00:00,2020-10-09 15:00:00,62,1602255600.0,283.625,0.15,2,407.2,2,-999,,-999,
2020-10-09 09:00:00,2020-10-09 16:00:00,62,1602259200.0,283.6666666666667,0.15,2,406.5,2,-999,,-999,
2020-10-09 10:00:00,2020-10-09 17:00:00,62,1602262800.0,283.7083333333333,0.16,2,405.5,2,-999,,-999,
2020-10-09 11:00:00,2020-10-09 18:00:00,62,1602266400.0,283.75,0.13,2,404.5,2,-999,,-999,
2020-10-09 12:00:00,2020-10-09 19:00:00,62,1602270000.0,283.7916666666667,0.12,2,405.0,2,-999,,-999,
2020-10-09 13:00:00,2020-10-09 20:00:00,62,1602273600.0,283.8333333333333,0.13,2,408.2,2,-999,,-999,
2020-10-09 14:00:00,2020-10-09 21:00:00,62,1602277200.0,283.875,0.12,2,411.5,2,-999,,-999,
2020-10-09 15:00:00,2020-10-09 22:00:00,62,1602280800.0,283.9166666666667,0.11,2,407.3,2,-999,,-999,
2020-10-09 16:00:00,2020-10-09 23:00:00,62,1602284400.0,283.9583333333333,0.08,2,406.6,2,-999,,-999,
2020-10-09 17:00:00,2020-10-10 00:00:00,62,1602288000.0,284.0,0.09,2,410.8,2,-999,,-999,
2020-10-09 18:00:00,2020-10-10 01:00:00,62,1602291600.0,284.0416666666667,0.1,2,414.1,2,-999,,-999,
2020-10-09 19:00:00,2020-10-10 02:00:00,62,1602295200.0,284.0833333333333,0.11,2,417.4,2,-999,,-999,
2020-10-09 20:00:00,2020-10-10 03:00:00,62,1602298800.0,284.125,0.12,2,416.9,2,-999,,-999,
2020-10-09 21:00:00,2020-10-10 04:00:00,62,1602302400.0,284.1666666666667,0.12,2,413.7,2,-999,,-999,
2020-10-09 22:00:00,2020-10-10 05:00:00,62,1602306000.0,284.2083333333333,0.12,2,411.0,2,-999,,-999,
2020-10-09 23:00:00,2020-10-10 06:00:00,62,1602309600.0,284.25,0.12,2,412.2,2,-999,,-999,
2020-10-10 00:00:00,2020-10-10 07:00:00,62,1602313200.0,284.2916666666667,0.12,2,412.1,2,-999,,-999,
2020-10-10 01:00:00,2020-10-10 08:00:00,62,1602316800.0,284.3333333333333,0.11,2,411.7,2,-999,,-999,
2020-10-10 02:00:00,2020-10-10 09:00:00,62,1602320400.0,284.375,0.11,2,413.3,2,-999,,-999,
2020-10-10 03:00:00,2020-10-10 10:00:00,62,1602324000.0,284.4166666666667,0.11,2,412.4,2,-999,,-999,
2020-10-10 04:00:00,2020-10-10 11:00:00,62,1602327600.0,284.4583333333333,0.11,2,413.2,2,-999,,-999,
2020-10-10 05:00:00,2020-10-10 12:00:00,62,1602331200.0,284.5,0.11,2,413.1,2,-999,,-999,
2020-10-10 06:00:00,2020-10-10 13:00:00,62,1602334800.0,284.5416666666667,0.12,2,418.7,2,-999,,-999,
2020-10-10 07:00:00,2020-10-10 14:00:00,62,1602338400.0,284.5833333333333,0.14,2,423.0,2,-999,,-999,
2020-10-10 08:00:00,2020-10-10 15:00:00,62,1602342000.0,284.625,0.14,2,421.4,2,-999,,-999,
2020-10-10 09:00:00,2020-10-10 16:00:00,62,1602345600.0,284.6666666666667,0.15,2,421.3,2,-999,,-999,
2020-10-10 10:00:00,2020-10-10 17:00:00,62,1602349200.0,284.7083333333333,0.15,2,419.6,2,-999,,-999,
2020-10-10 11:00:00,2020-10-10 18:00:00,62,1602352800.0,284.75,0.16,2,414.8,2,-999,,-999,
2020-10-10 12:00:00,2020-10-10 19:00:00,62,1602356400.0,284.7916666666667,0.13,2,412.8,2,-999,,-999,
2020-10-10 13:00:00,2020-10-10 20:00:00,62,1602360000.0,284.8333333333333,0.09,2,407.8,2,-999,,-999,
2020-10-10 14:00:00,2020-10-10 21:00:00,62,1602363600.0,284.875,0.09,2,406.1,2,-999,,-999,
2020-10-10 15:00:00,2020-10-10 22:00:00,62,1602367200.0,284.9166666666667,0.08,2,409.1,2,-999,,-999,
2020-10-10 16:00:00,2020-10-10 23:00:00,62,1602370800.0,284.9583333333333,0.07,2,410.7,2,-999,,-999,
2020-10-10 17:00:00,2020-10-11 00:00:00,62,1602374400.0,285.0,0.09,2,410.4,2,-999,,-999,
2020-10-10 18:00:00,2020-10-11 01:00:00,62,1602378000.0,285.0416666666667,0.11,2,413.9,2,-999,,-999,
2020-10-10 19:00:00,2020-10-11 02:00:00,62,1602381600.0,285.0833333333333,0.09,2,412.5,2,-999,,-999,
2020-10-10 20:00:00,2020-10-11 03:00:00,62,1602385200.0,285.125,0.09,2,416.2,2,-999,,-999,
2020-10-10 21:00:00,2020-10-11 04:00:00,62,1602388800.0,285.1666666666667,0.08,2,410.7,2,-999,,-999,
2020-10-10 22:00:00,2020-10-11 05:00:00,62,1602392400.0,285.2083333333333,0.09,2,410.8,2,-999,,-999,
2020-10-10 23:00:00,2020-10-11 06:00:00,62,1602396000.0,285.25,0.11,2,411.0,2,-999,,-999,
2020-10-11 00:00:00,2020-10-11 07:00:00,62,1602399600.0,285.2916666666667,0.11,2,413.9,2,-999,,-999,
2020-10-11 01:00:00,2020-10-11 08:00:00,62,1602403200.0,285.3333333333333,0.11,2,413.5,2,-999,,-999,
2020-10-11 02:00:00,2020-10-11 09:00:00,62,1602406800.0,285.375,0.12,2,416.1,2,-999,,-999,
2020-10-11 03:00:00,2020-10-11 10:00:00,62,1602410400.0,285.4166666666667,0.12,2,422.7,2,-999,,-999,
2020-10-11 04:00:00,2020-10-11 11:00:00,62,1602414000.0,285.4583333333333,0.13,2,433.5,2,-999,,-999,
2020-10-11 05:00:00,2020-10-11 12:00:00,62,1602417600.0,285.5,0.18,2,438.8,2,-999,,-999,
2020-10-11 06:00:00,2020-10-11 13:00:00,62,1602421200.0,285.5416666666667,0.2,2,440.8,2,-999,,-999,
2020-10-11 07:00:00,2020-10-11 14:00:00,62,1602424800.0,285.5833333333333,0.27,2,456.7,2,-999,,-999,
2020-10-11 08:00:00,2020-10-11 15:00:00,62,1602428400.0,285.625,0.26,2,447.9,2,-999,,-999,
2020-10-11 09:00:00,2020-10-11 16:00:00,62,1602432000.0,285.6666666666667,0.19,2,420.3,2,-999,,-999,
2020-10-11 10:00:00,2020-10-11 17:00:00,62,1602435600.0,285.7083333333333,0.16,2,414.8,2,-999,,-999,
2020-10-11 11:00:00,2020-10-11 18:00:00,62,1602439200.0,285.75,0.14,2,410.9,2,-999,,-999,
2020-10-11 12:00:00,2020-10-11 19:00:00,62,1602442800.0,285.7916666666667,0.14,2,408.3,2,-999,,-999,
2020-10-11 13:00:00,2020-10-11 20:00:00,62,1602446400.0,285.8333333333333,0.17,2,407.2,2,-999,,-999,
2020-10-11 14:00:00,2020-10-11 21:00:00,62,1602450000.0,285.875,0.17,2,408.5,2,-999,,-999,
2020-10-11 15:00:00,2020-10-11 22:00:00,62,1602453600.0,285.9166666666667,0.16,2,409.2,2,-999,,-999,
2020-10-11 16:00:00,2020-10-11 23:00:00,62,1602457200.0,285.9583333333333,0.17,2,410.6,2,-999,,-999,
2020-10-11 17:00:00,2020-10-12 00:00:00,62,1602460800.0,286.0,0.19,2,415.4,2,-999,,-999,
2020-10-11 18:00:00,2020-10-12 01:00:00,62,1602464400.0,286.0416666666667,0.18,2,418.9,2,-999,,-999,
2020-10-11 19:00:00,2020-10-12 02:00:00,62,1602468000.0,286.0833333333333,0.17,2,419.7,2,-999,,-999,
2020-10-11 20:00:00,2020-10-12 03:00:00,62,1602471600.0,286.125,0.21,2,431.7,2,-999,,-999,
2020-10-11 21:00:00,2020-10-12 04:00:00,62,1602475200.0,286.1666666666667,0.32,2,459.6,2,-999,,-999,
2020-10-11 22:00:00,2020-10-12 05:00:00,62,1602478800.0,286.2083333333333,0.31,2,459.0,2,-999,,-999,
2020-10-11 23:00:00,2020-10-12 06:00:00,62,1602482400.0,286.25,0.32,2,466.4,2,-999,,-999,
2020-10-12 00:00:00,2020-10-12 07:00:00,62,1602486000.0,286.2916666666667,0.25,2,449.7,2,-999,,-999,
2020-10-12 01:00:00,2020-10-12 08:00:00,62,1602489600.0,286.3333333333333,0.23,2,455.0,2,-999,,-999,
2020-10-12 02:00:00,2020-10-12 09:00:00,62,1602493200.0,286.375,0.23,2,455.9,2,-999,,-999,
2020-10-12 03:00:00,2020-10-12 10:00:00,62,1602496800.0,286.4166666666667,0.22,2,455.3,2,-999,,-999,
2020-10-12 04:00:00,2020-10-12 11:00:00,62,1602500400.0,286.4583333333333,0.22,2,457.0,2,-999,,-999,
2020-10-12 05:00:00,2020-10-12 12:00:00,62,1602504000.0,286.5,0.29,2,466.7,2,-999,,-999,
2020-10-12 06:00:00,2020-10-12 13:00:00,62,1602507600.0,286.5416666666667,0.39,2,487.9,2,-999,,-999,
2020-10-12 07:00:00,2020-10-12 14:00:00,62,1602511200.0,286.5833333333333,0.41,2,493.6,2,-999,,-999,
2020-10-12 08:00:00,2020-10-12 15:00:00,62,1602514800.0,286.625,0.31,2,460.3,2,-999,,-999,
2020-10-12 09:00:00,2020-10-12 16:00:00,62,1602518400.0,286.6666666666667,0.23,2,423.0,2,-999,,-999,
2020-10-12 10:00:00,2020-10-12 17:00:00,62,1602522000.0,286.7083333333333,0.2,2,426.4,2,-999,,-999,
2020-10-12 11:00:00,2020-10-12 18:00:00,62,1602525600.0,286.75,0.15,2,422.0,2,-999,,-999,
2020-10-12 12:00:00,2020-10-12 19:00:00,62,1602529200.0,286.7916666666667,0.18,2,420.8,2,-999,,-999,
2020-10-12 13:00:00,2020-10-12 20:00:00,62,1602532800.0,286.8333333333333,0.22,2,421.9,2,-999,,-999,
2020-10-12 14:00:00,2020-10-12 21:00:00,62,1602536400.0,286.875,0.22,2,418.9,2,-999,,-999,
2020-10-12 15:00:00,2020-10-12 22:00:00,62,1602540000.0,286.9166666666667,0.2,2,410.1,2,-999,,-999,
2020-10-12 16:00:00,2020-10-12 23:00:00,62,1602543600.0,286.9583333333333,0.2,2,409.0,2,-999,,-999,
2020-10-12 17:00:00,2020-10-13 00:00:00,62,1602547200.0,287.0,0.25,2,420.1,2,-999,,-999,
2020-10-12 18:00:00,2020-10-13 01:00:00,62,1602550800.0,287.0416666666667,0.27,2,436.5,2,-999,,-999,
2020-10-12 19:00:00,2020-10-13 02:00:00,62,1602554400.0,287.0833333333333,0.24,2,439.2,2,-999,,-999,
2020-10-12 20:00:00,2020-10-13 03:00:00,62,1602558000.0,287.125,0.24,2,448.7,2,-999,,-999,
2020-10-12 21:00:00,2020-10-13 04:00:00,62,1602561600.0,287.1666666666667,0.34,2,472.2,2,-999,,-999,
2020-10-12 22:00:00,2020-10-13 05:00:00,62,1602565200.0,287.2083333333333,0.42,2,489.2,2,-999,,-999,
2020-10-12 23:00:00,2020-10-13 06:00:00,62,1602568800.0,287.25,0.37,2,489.7,2,-999,,-999,
2020-10-13 00:00:00,2020-10-13 07:00:00,62,1602572400.0,287.2916666666667,0.29,2,471.2,2,-999,,-999,
2020-10-13 01:00:00,2020-10-13 08:00:00,62,1602576000.0,287.3333333333333,0.19,2,446.4,2,-999,,-999,
2020-10-13 02:00:00,2020-10-13 09:00:00,62,1602579600.0,287.375,0.17,2,445.8,2,-999,,-999,
2020-10-13 03:00:00,2020-10-13 10:00:00,62,1602583200.0,287.4166666666667,0.18,2,445.3,2,-999,,-999,
2020-10-13 04:00:00,2020-10-13 11:00:00,62,1602586800.0,287.4583333333333,0.2,2,452.7,2,-999,,-999,
2020-10-13 05:00:00,2020-10-13 12:00:00,62,1602590400.0,287.5,0.25,2,462.3,2,-999,,-999,
2020-10-13 06:00:00,2020-10-13 13:00:00,62,1602594000.0,287.5416666666667,0.33,2,473.9,2,-999,,-999,
2020-10-13 07:00:00,2020-10-13 14:00:00,62,1602597600.0,287.5833333333333,0.43,2,500.0,2,-999,,-999,
2020-10-13 08:00:00,2020-10-13 15:00:00,62,1602601200.0,287.625,0.47,2,487.8,2,-999,,-999,
2020-10-13 09:00:00,2020-10-13 16:00:00,62,1602604800.0,287.6666666666667,0.25,2,438.8,2,-999,,-999,
2020-10-13 10:00:00,2020-10-13 17:00:00,62,1602608400.0,287.7083333333333,0.18,2,427.3,2,-999,,-999,
2020-10-13 11:00:00,2020-10-13 18:00:00,62,1602612000.0,287.75,0.16,2,422.6,2,-999,,-999,
2020-10-13 12:00:00,2020-10-13 19:00:00,62,1602615600.0,287.7916666666667,0.16,2,417.1,2,-999,,-999,
2020-10-13 13:00:00,2020-10-13 20:00:00,62,1602619200.0,287.8333333333333,0.18,2,415.3,2,-999,,-999,
2020-10-13 14:00:00,2020-10-13 21:00:00,62,1602622800.0,287.875,0.19,2,413.4,2,-999,,-999,
2020-10-13 15:00:00,2020-10-13 22:00:00,62,1602626400.0,287.9166666666667,0.16,2,404.8,2,-999,,-999,
2020-10-13 16:00:00,2020-10-13 23:00:00,62,1602630000.0,287.9583333333333,0.2,2,408.9,2,-999,,-999,
2020-10-13 17:00:00,2020-10-14 00:00:00,62,1602633600.0,288.0,0.24,2,429.2,2,-999,,-999,
2020-10-13 18:00:00,2020-10-14 01:00:00,62,1602637200.0,288.0416666666667,0.24,2,438.4,2,-999,,-999,
2020-10-13 19:00:00,2020-10-14 02:00:00,62,1602640800.0,288.0833333333333,0.24,2,444.8,2,-999,,-999,
2020-10-13 20:00:00,2020-10-14 03:00:00,62,1602644400.0,288.125,0.21,2,441.3,2,-999,,-999,
2020-10-13 21:00:00,2020-10-14 04:00:00,62,1602648000.0,288.1666666666667,0.17,2,431.0,2,-999,,-999,
2020-10-13 22:00:00,2020-10-14 05:00:00,62,1602651600.0,288.2083333333333,0.21,2,448.1,2,-999,,-999,
2020-10-13 23:00:00,2020-10-14 06:00:00,62,1602655200.0,288.25,0.21,2,449.8,2,-999,,-999,
2020-10-14 00:00:00,2020-10-14 07:00:00,62,1602658800.0,288.2916666666667,0.2,2,443.5,2,-999,,-999,
2020-10-14 01:00:00,2020-10-14 08:00:00,62,1602662400.0,288.3333333333333,0.18,2,444.1,2,-999,,-999,
2020-10-14 02:00:00,2020-10-14 09:00:00,62,1602666000.0,288.375,0.18,2,445.8,2,-999,,-999,
2020-10-14 03:00:00,2020-10-14 10:00:00,62,1602669600.0,288.4166666666667,0.19,2,460.1,2,-999,,-999,
2020-10-14 04:00:00,2020-10-14 11:00:00,62,1602673200.0,288.4583333333333,0.2,2,467.4,2,-999,,-999,
2020-10-14 05:00:00,2020-10-14 12:00:00,62,1602676800.0,288.5,0.27,2,472.3,2,-999,,-999,
2020-10-14 06:00:00,2020-10-14 13:00:00,62,1602680400.0,288.5416666666667,0.34,2,486.6,2,-999,,-999,
2020-10-14 07:00:00,2020-10-14 14:00:00,62,1602684000.0,288.5833333333333,0.38,2,505.9,2,-999,,-999,
2020-10-14 08:00:00,2020-10-14 15:00:00,62,1602687600.0,288.625,0.37,2,473.3,2,-999,,-999,
2020-10-14 09:00:00,2020-10-14 16:00:00,62,1602691200.0,288.6666666666667,0.18,2,425.0,2,-999,,-999,
2020-10-14 10:00:00,2020-10-14 17:00:00,62,1602694800.0,288.7083333333333,0.11,2,415.7,2,-999,,-999,
2020-10-14 11:00:00,2020-10-14 18:00:00,62,1602698400.0,288.75,0.11,2,411.4,2,-999,,-999,
2020-10-14 12:00:00,2020-10-14 19:00:00,62,1602702000.0,288.7916666666667,0.13,2,407.8,2,-999,,-999,
2020-10-14 13:00:00,2020-10-14 20:00:00,62,1602705600.0,288.8333333333333,0.19,2,409.5,2,-999,,-999,
2020-10-14 14:00:00,2020-10-14 21:00:00,62,1602709200.0,288.875,0.19,2,407.9,2,-999,,-999,
2020-10-14 15:00:00,2020-10-14 22:00:00,62,1602712800.0,288.9166666666667,0.18,2,407.5,2,-999,,-999,
2020-10-14 16:00:00,2020-10-14 23:00:00,62,1602716400.0,288.9583333333333,0.2,2,409.6,2,-999,,-999,
2020-10-14 17:00:00,2020-10-15 00:00:00,62,1602720000.0,289.0,0.22,2,417.4,2,-999,,-999,
2020-10-14 18:00:00,2020-10-15 01:00:00,62,1602723600.0,289.0416666666667,0.25,2,431.4,2,-999,,-999,
2020-10-14 19:00:00,2020-10-15 02:00:00,62,1602727200.0,289.0833333333333,0.24,2,443.2,2,-999,,-999,
2020-10-14 20:00:00,2020-10-15 03:00:00,62,1602730800.0,289.125,0.33,2,464.1,2,-999,,-999,
2020-10-14 21:00:00,2020-10-15 04:00:00,62,1602734400.0,289.1666666666667,0.36,2,467.9,2,-999,,-999,
2020-10-14 22:00:00,2020-10-15 05:00:00,62,1602738000.0,289.2083333333333,0.31,2,458.8,2,-999,,-999,
2020-10-14 23:00:00,2020-10-15 06:00:00,62,1602741600.0,289.25,0.28,2,456.0,2,-999,,-999,
2020-10-15 00:00:00,2020-10-15 07:00:00,62,1602745200.0,289.2916666666667,0.25,2,457.0,2,-999,,-999,
2020-10-15 01:00:00,2020-10-15 08:00:00,62,1602748800.0,289.3333333333333,0.24,2,453.4,2,-999,,-999,
2020-10-15 02:00:00,2020-10-15 09:00:00,62,1602752400.0,289.375,0.22,2,444.7,2,-999,,-999,
2020-10-15 03:00:00,2020-10-15 10:00:00,62,1602756000.0,289.4166666666667,0.2,2,434.8,2,-999,,-999,
2020-10-15 04:00:00,2020-10-15 11:00:00,62,1602759600.0,289.4583333333333,0.2,2,437.4,2,-999,,-999,
2020-10-15 05:00:00,2020-10-15 12:00:00,62,1602763200.0,289.5,0.23,2,451.6,2,-999,,-999,
2020-10-15 06:00:00,2020-10-15 13:00:00,62,1602766800.0,289.5416666666667,0.28,2,463.9,2,-999,,-999,
2020-10-15 07:00:00,2020-10-15 14:00:00,62,1602770400.0,289.5833333333333,0.3,2,466.9,2,-999,,-999,
2020-10-15 08:00:00,2020-10-15 15:00:00,62,1602774000.0,289.625,0.29,2,450.9,2,-999,,-999,
2020-10-15 09:00:00,2020-10-15 16:00:00,62,1602777600.0,289.6666666666667,0.22,2,443.6,2,-999,,-999,
2020-10-15 10:00:00,2020-10-15 17:00:00,62,1602781200.0,289.7083333333333,0.17,2,434.7,2,-999,,-999,
2020-10-15 11:00:00,2020-10-15 18:00:00,62,1602784800.0,289.75,0.13,2,411.9,2,-999,,-999,
2020-10-15 12:00:00,2020-10-15 19:00:00,62,1602788400.0,289.7916666666667,0.16,2,405.1,2,-999,,-999,
2020-10-15 13:00:00,2020-10-15 20:00:00,62,1602792000.0,289.8333333333333,0.24,2,408.2,2,-999,,-999,
2020-10-15 14:00:00,2020-10-15 21:00:00,62,1602795600.0,289.875,0.24,2,402.2,2,-999,,-999,
2020-10-15 15:00:00,2020-10-15 22:00:00,62,1602799200.0,289.9166666666667,0.25,2,405.5,2,-999,,-999,
2020-10-15 16:00:00,2020-10-15 23:00:00,62,1602802800.0,289.9583333333333,0.25,2,408.8,2,-999,,-999,
2020-10-15 17:00:00,2020-10-16 00:00:00,62,1602806400.0,290.0,0.25,2,412.5,2,-999,,-999,
2020-10-15 18:00:00,2020-10-16 01:00:00,62,1602810000.0,290.0416666666667,0.23,2,413.4,2,-999,,-999,
2020-10-15 19:00:00,2020-10-16 02:00:00,62,1602813600.0,290.0833333333333,0.21,2,413.5,2,-999,,-999,
2020-10-15 20:00:00,2020-10-16 03:00:00,62,1602817200.0,290.125,0.33,2,441.8,2,-999,,-999,
2020-10-15 21:00:00,2020-10-16 04:00:00,62,1602820800.0,290.1666666666667,0.3,2,450.6,2,-999,,-999,
2020-10-15 22:00:00,2020-10-16 05:00:00,62,1602824400.0,290.2083333333333,0.36,2,461.5,2,-999,,-999,
2020-10-15 23:00:00,2020-10-16 06:00:00,62,1602828000.0,290.25,0.27,2,442.8,2,-999,,-999,
2020-10-16 00:00:00,2020-10-16 07:00:00,62,1602831600.0,290.2916666666667,0.27,2,442.8,2,-999,,-999,
2020-10-16 01:00:00,2020-10-16 08:00:00,62,1602835200.0,290.3333333333333,0.27,2,446.6,2,-999,,-999,
2020-10-16 02:00:00,2020-10-16 09:00:00,62,1602838800.0,290.375,0.25,2,448.7,2,-999,,-999,
2020-10-16 03:00:00,2020-10-16 10:00:00,62,1602842400.0,290.4166666666667,0.22,2,431.6,2,-999,,-999,
2020-10-16 04:00:00,2020-10-16 11:00:00,62,1602846000.0,290.4583333333333,0.22,2,434.1,2,-999,,-999,
2020-10-16 05:00:00,2020-10-16 12:00:00,62,1602849600.0,290.5,0.23,2,435.4,2,-999,,-999,
2020-10-16 06:00:00,2020-10-16 13:00:00,62,1602853200.0,290.5416666666667,0.27,2,446.1,2,-999,,-999,
2020-10-16 07:00:00,2020-10-16 14:00:00,62,1602856800.0,290.5833333333333,0.24,2,433.0,2,-999,,-999,
2020-10-16 08:00:00,2020-10-16 15:00:00,62,1602860400.0,290.625,0.25,2,423.6,2,-999,,-999,
2020-10-16 09:00:00,2020-10-16 16:00:00,62,1602864000.0,290.6666666666667,0.21,2,417.2,2,-999,,-999,
2020-10-16 10:00:00,2020-10-16 17:00:00,62,1602867600.0,290.7083333333333,0.23,2,413.6,2,-999,,-999,
2020-10-16 11:00:00,2020-10-16 18:00:00,62,1602871200.0,290.75,0.15,2,408.4,2,-999,,-999,
2020-10-16 12:00:00,2020-10-16 19:00:00,62,1602874800.0,290.7916666666667,0.16,2,401.8,2,-999,,-999,
2020-10-16 13:00:00,2020-10-16 20:00:00,62,1602878400.0,290.8333333333333,0.22,2,401.2,2,-999,,-999,
2020-10-16 14:00:00,2020-10-16 21:00:00,62,1602882000.0,290.875,0.24,2,403.1,2,-999,,-999,
2020-10-16 15:00:00,2020-10-16 22:00:00,62,1602885600.0,290.9166666666667,0.25,2,404.5,2,-999,,-999,
2020-10-16 16:00:00,2020-10-16 23:00:00,62,1602889200.0,290.9583333333333,0.26,2,404.2,2,-999,,-999,
2020-10-16 17:00:00,2020-10-17 00:00:00,62,1602892800.0,291.0,0.26,2,415.4,2,-999,,-999,
2020-10-16 18:00:00,2020-10-17 01:00:00,62,1602896400.0,291.0416666666667,0.27,2,428.4,2,-999,,-999,
2020-10-16 19:00:00,2020-10-17 02:00:00,62,1602900000.0,291.0833333333333,0.26,2,432.6,2,-999,,-999,
2020-10-16 20:00:00,2020-10-17 03:00:00,62,1602903600.0,291.125,0.36,2,469.4,2,-999,,-999,
2020-10-16 21:00:00,2020-10-17 04:00:00,62,1602907200.0,291.1666666666667,0.49,2,497.5,2,-999,,-999,
2020-10-16 22:00:00,2020-10-17 05:00:00,62,1602910800.0,291.2083333333333,0.52,2,503.8,2,-999,,-999,
2020-10-16 23:00:00,2020-10-17 06:00:00,62,1602914400.0,291.25,0.47,2,478.5,2,-999,,-999,
2020-10-17 00:00:00,2020-10-17 07:00:00,62,1602918000.0,291.2916666666667,0.39,2,472.1,2,-999,,-999,
2020-10-17 01:00:00,2020-10-17 08:00:00,62,1602921600.0,291.3333333333333,0.36,2,479.5,2,-999,,-999,
2020-10-17 02:00:00,2020-10-17 09:00:00,62,1602925200.0,291.375,0.28,2,466.8,2,-999,,-999,
2020-10-17 03:00:00,2020-10-17 10:00:00,62,1602928800.0,291.4166666666667,0.26,2,452.8,2,-999,,-999,
2020-10-17 04:00:00,2020-10-17 11:00:00,62,1602932400.0,291.4583333333333,0.25,2,461.0,2,-999,,-999,
2020-10-17 05:00:00,2020-10-17 12:00:00,62,1602936000.0,291.5,0.27,2,465.5,2,-999,,-999,
2020-10-17 06:00:00,2020-10-17 13:00:00,62,1602939600.0,291.5416666666667,0.28,2,464.0,2,-999,,-999,
2020-10-17 07:00:00,2020-10-17 14:00:00,62,1602943200.0,291.5833333333333,0.37,2,488.7,2,-999,,-999,
2020-10-17 08:00:00,2020-10-17 15:00:00,62,1602946800.0,291.625,0.46,2,483.8,2,-999,,-999,
2020-10-17 09:00:00,2020-10-17 16:00:00,62,1602950400.0,291.6666666666667,0.29,2,444.7,2,-999,,-999,
2020-10-17 10:00:00,2020-10-17 17:00:00,62,1602954000.0,291.7083333333333,0.21,2,430.4,2,-999,,-999,
2020-10-17 11:00:00,2020-10-17 18:00:00,62,1602957600.0,291.75,0.21,2,429.8,2,-999,,-999,
2020-10-17 12:00:00,2020-10-17 19:00:00,62,1602961200.0,291.7916666666667,0.18,2,421.1,2,-999,,-999,
2020-10-17 13:00:00,2020-10-17 20:00:00,62,1602964800.0,291.8333333333333,0.2,2,414.5,2,-999,,-999,
2020-10-17 14:00:00,2020-10-17 21:00:00,62,1602968400.0,291.875,0.2,2,410.7,2,-999,,-999,
2020-10-17 15:00:00,2020-10-17 22:00:00,62,1602972000.0,291.9166666666667,0.25,2,419.6,2,-999,,-999,
2020-10-17 16:00:00,2020-10-17 23:00:00,62,1602975600.0,291.9583333333333,0.26,2,426.7,2,-999,,-999,
2020-10-17 17:00:00,2020-10-18 00:00:00,62,1602979200.0,292.0,0.28,2,439.6,2,-999,,-999,
2020-10-17 18:00:00,2020-10-18 01:00:00,62,1602982800.0,292.0416666666667,0.29,2,444.7,2,-999,,-999,
2020-10-17 19:00:00,2020-10-18 02:00:00,62,1602986400.0,292.0833333333333,0.29,2,454.0,2,-999,,-999,
2020-10-17 20:00:00,2020-10-18 03:00:00,62,1602990000.0,292.125,0.3,2,459.5,2,-999,,-999,
2020-10-17 21:00:00,2020-10-18 04:00:00,62,1602993600.0,292.1666666666667,0.29,2,460.7,2,-999,,-999,
2020-10-17 22:00:00,2020-10-18 05:00:00,62,1602997200.0,292.2083333333333,0.39,2,482.8,2,-999,,-999,
2020-10-17 23:00:00,2020-10-18 06:00:00,62,1603000800.0,292.25,0.39,2,480.7,2,-999,,-999,
2020-10-18 00:00:00,2020-10-18 07:00:00,62,1603004400.0,292.2916666666667,0.27,2,459.7,2,-999,,-999,
2020-10-18 01:00:00,2020-10-18 08:00:00,62,1603008000.0,292.3333333333333,0.2,2,444.1,2,-999,,-999,
2020-10-18 02:00:00,2020-10-18 09:00:00,62,1603011600.0,292.375,0.17,2,439.4,2,-999,,-999,
2020-10-18 03:00:00,2020-10-18 10:00:00,62,1603015200.0,292.4166666666667,0.17,2,446.9,2,-999,,-999,
2020-10-18 04:00:00,2020-10-18 11:00:00,62,1603018800.0,292.4583333333333,0.2,2,457.5,2,-999,,-999,
2020-10-18 05:00:00,2020-10-18 12:00:00,62,1603022400.0,292.5,0.25,2,478.5,2,-999,,-999,
2020-10-18 06:00:00,2020-10-18 13:00:00,62,1603026000.0,292.5416666666667,0.3,2,481.0,2,-999,,-999,
2020-10-18 07:00:00,2020-10-18 14:00:00,62,1603029600.0,292.5833333333333,0.36,2,491.3,2,-999,,-999,
2020-10-18 08:00:00,2020-10-18 15:00:00,62,1603033200.0,292.625,0.44,2,476.4,2,-999,,-999,
2020-10-18 09:00:00,2020-10-18 16:00:00,62,1603036800.0,292.6666666666667,0.28,2,445.1,2,-999,,-999,
2020-10-18 10:00:00,2020-10-18 17:00:00,62,1603040400.0,292.7083333333333,0.2,2,439.9,2,-999,,-999,
2020-10-18 11:00:00,2020-10-18 18:00:00,62,1603044000.0,292.75,0.16,2,424.2,2,-999,,-999,
2020-10-18 12:00:00,2020-10-18 19:00:00,62,1603047600.0,292.7916666666667,0.17,2,418.8,2,-999,,-999,
2020-10-18 13:00:00,2020-10-18 20:00:00,62,1603051200.0,292.8333333333333,0.22,2,420.7,2,-999,,-999,
2020-10-18 14:00:00,2020-10-18 21:00:00,62,1603054800.0,292.875,0.25,2,425.5,2,-999,,-999,
2020-10-18 15:00:00,2020-10-18 22:00:00,62,1603058400.0,292.9166666666667,0.24,2,422.9,2,-999,,-999,
2020-10-18 16:00:00,2020-10-18 23:00:00,62,1603062000.0,292.9583333333333,0.21,2,419.1,2,-999,,-999,
2020-10-18 17:00:00,2020-10-19 00:00:00,62,1603065600.0,293.0,0.24,2,431.4,2,-999,,-999,
2020-10-18 18:00:00,2020-10-19 01:00:00,62,1603069200.0,293.0416666666667,0.21,2,430.3,2,-999,,-999,
2020-10-18 19:00:00,2020-10-19 02:00:00,62,1603072800.0,293.0833333333333,0.21,2,430.7,2,-999,,-999,
2020-10-18 20:00:00,2020-10-19 03:00:00,62,1603076400.0,293.125,0.21,2,434.8,2,-999,,-999,
2020-10-18 21:00:00,2020-10-19 04:00:00,62,1603080000.0,293.1666666666667,0.21,2,439.9,2,-999,,-999,
2020-10-18 22:00:00,2020-10-19 05:00:00,62,1603083600.0,293.2083333333333,0.15,2,429.6,2,-999,,-999,
2020-10-18 23:00:00,2020-10-19 06:00:00,62,1603087200.0,293.25,0.13,2,425.4,2,-999,,-999,
2020-10-19 00:00:00,2020-10-19 07:00:00,62,1603090800.0,293.2916666666667,0.12,2,420.3,2,-999,,-999,
2020-10-19 01:00:00,2020-10-19 08:00:00,62,1603094400.0,293.3333333333333,0.13,2,423.0,2,-999,,-999,
2020-10-19 02:00:00,2020-10-19 09:00:00,62,1603098000.0,293.375,0.13,2,424.3,2,-999,,-999,
2020-10-19 03:00:00,2020-10-19 10:00:00,62,1603101600.0,293.4166666666667,0.13,2,432.4,2,-999,,-999,
2020-10-19 04:00:00,2020-10-19 11:00:00,62,1603105200.0,293.4583333333333,0.16,2,441.3,2,-999,,-999,
2020-10-19 05:00:00,2020-10-19 12:00:00,62,1603108800.0,293.5,0.21,2,454.1,2,-999,,-999,
2020-10-19 06:00:00,2020-10-19 13:00:00,62,1603112400.0,293.5416666666667,0.26,2,469.6,2,-999,,-999,
2020-10-19 07:00:00,2020-10-19 14:00:00,62,1603116000.0,293.5833333333333,0.32,2,482.9,2,-999,,-999,
2020-10-19 08:00:00,2020-10-19 15:00:00,62,1603119600.0,293.625,0.32,2,456.3,2,-999,,-999,
2020-10-19 09:00:00,2020-10-19 16:00:00,62,1603123200.0,293.6666666666667,0.2,2,437.1,2,-999,,-999,
2020-10-19 10:00:00,2020-10-19 17:00:00,62,1603126800.0,293.7083333333333,0.11,2,424.9,2,-999,,-999,
2020-10-19 11:00:00,2020-10-19 18:00:00,62,1603130400.0,293.75,0.1,2,418.9,2,-999,,-999,
2020-10-19 12:00:00,2020-10-19 19:00:00,62,1603134000.0,293.7916666666667,0.14,2,418.6,2,-999,,-999,
2020-10-19 13:00:00,2020-10-19 20:00:00,62,1603137600.0,293.8333333333333,0.14,2,417.0,2,-999,,-999,
2020-10-19 14:00:00,2020-10-19 21:00:00,62,1603141200.0,293.875,0.14,2,413.2,2,-999,,-999,
2020-10-19 15:00:00,2020-10-19 22:00:00,62,1603144800.0,293.9166666666667,0.18,2,418.5,2,-999,,-999,
2020-10-19 16:00:00,2020-10-19 23:00:00,62,1603148400.0,293.9583333333333,0.21,2,426.8,2,-999,,-999,
2020-10-19 17:00:00,2020-10-20 00:00:00,62,1603152000.0,294.0,0.17,2,427.5,2,-999,,-999,
2020-10-19 18:00:00,2020-10-20 01:00:00,62,1603155600.0,294.0416666666667,0.16,2,427.2,2,-999,,-999,
2020-10-19 19:00:00,2020-10-20 02:00:00,62,1603159200.0,294.0833333333333,0.16,2,427.2,2,-999,,-999,
2020-10-19 20:00:00,2020-10-20 03:00:00,62,1603162800.0,294.125,0.16,2,437.3,2,-999,,-999,
2020-10-19 21:00:00,2020-10-20 04:00:00,62,1603166400.0,294.1666666666667,0.17,2,441.0,2,-999,,-999,
2020-10-19 22:00:00,2020-10-20 05:00:00,62,1603170000.0,294.2083333333333,0.14,2,433.4,2,-999,,-999,
2020-10-19 23:00:00,2020-10-20 06:00:00,62,1603173600.0,294.25,0.14,2,427.8,2,-999,,-999,
2020-10-20 00:00:00,2020-10-20 07:00:00,62,1603177200.0,294.2916666666667,0.12,2,418.8,2,-999,,-999,
2020-10-20 01:00:00,2020-10-20 08:00:00,62,1603180800.0,294.3333333333333,0.12,2,420.9,2,-999,,-999,
2020-10-20 02:00:00,2020-10-20 09:00:00,62,1603184400.0,294.375,0.12,2,430.5,2,-999,,-999,
2020-10-20 03:00:00,2020-10-20 10:00:00,62,1603188000.0,294.4166666666667,0.14,2,441.5,2,-999,,-999,
2020-10-20 04:00:00,2020-10-20 11:00:00,62,1603191600.0,294.4583333333333,0.16,2,446.3,2,-999,,-999,
2020-10-20 05:00:00,2020-10-20 12:00:00,62,1603195200.0,294.5,0.23,2,459.4,2,-999,,-999,
2020-10-20 06:00:00,2020-10-20 13:00:00,62,1603198800.0,294.5416666666667,0.29,2,470.6,2,-999,,-999,
2020-10-20 07:00:00,2020-10-20 14:00:00,62,1603202400.0,294.5833333333333,0.32,2,481.6,2,-999,,-999,
2020-10-20 08:00:00,2020-10-20 15:00:00,62,1603206000.0,294.625,0.38,2,474.8,2,-999,,-999,
2020-10-20 09:00:00,2020-10-20 16:00:00,62,1603209600.0,294.6666666666667,0.21,2,434.8,2,-999,,-999,
2020-10-20 10:00:00,2020-10-20 17:00:00,62,1603213200.0,294.7083333333333,0.15,2,432.9,2,-999,,-999,
2020-10-20 11:00:00,2020-10-20 18:00:00,62,1603216800.0,294.75,0.13,2,427.7,2,-999,,-999,
2020-10-20 12:00:00,2020-10-20 19:00:00,62,1603220400.0,294.7916666666667,0.15,2,425.4,2,-999,,-999,
2020-10-20 13:00:00,2020-10-20 20:00:00,62,1603224000.0,294.8333333333333,0.19,2,430.4,2,-999,,-999,
2020-10-20 14:00:00,2020-10-20 21:00:00,62,1603227600.0,294.875,0.21,2,426.9,2,-999,,-999,
